Creation,MergeTime,id,isPr,N. of Comments,Closed,N. Labels,author, labelStatus, lastUpdateTime, milestoneTitle, Repository
1681193363,NA,41313,1,3,0,5,elfontan,NNNNNNNNNNNNPNNNNPNNN,1681206510,CMSSW_13_0_X,cms-sw/cmssw
1681193313,NA,41312,1,2,0,5,elfontan,NNNNNNNNNNNNPNNNNPNNN,1681206527,CMSSW_13_1_X,cms-sw/cmssw
1681191504,NA,41311,1,3,0,5,mmusich,NNNNNNNNNNNNNNPNNANNN,1681202224,CMSSW_13_0_X,cms-sw/cmssw
1681190311,NA,41310,1,4,0,6,mmusich,NNNNNNNNNNNNNNNPNANNN,1681202048,CMSSW_13_1_X,cms-sw/cmssw
1681141992,NA,41309,1,1,0,6,nhduongvn,NNPNNNNNNNNNNNPNNPPNN,1681142023,CMSSW_12_5_X,cms-sw/cmssw
1680886998,NA,41308,1,6,0,5,Dr15Jones,NNPNNNNNNNNNNNNNNANNN,1681130134,CMSSW_13_1_X,cms-sw/cmssw
1680884441,NA,41307,1,2,0,6,srlantz,NNNNNNNNNNNNNNNPNPNNN,1680884843,CMSSW_13_1_X,cms-sw/cmssw
1680704054,NA,41290,1,3,0,7,cerminar,NNNNNNNNNNNNPNNNNPPNN,1680720833,CMSSW_13_1_X,cms-sw/cmssw
1680702650,NA,41288,1,3,0,6,AdrianoDee,NNNNNPNNNNNNNNNNNPNNN,1680760649,CMSSW_13_1_X,cms-sw/cmssw
1680702642,NA,41287,1,8,0,9,AdrianoDee,NNNNNNNNNNNPNNNPNSNNN,1680721008,CMSSW_13_1_X,cms-sw/cmssw
1680702640,NA,41286,1,8,0,8,AdrianoDee,NNNNNNNNNNNNNNNPNSNNN,1680720960,CMSSW_13_1_X,cms-sw/cmssw
1680702636,NA,41285,1,11,0,12,AdrianoDee,PNNNPNNNNNPNNNNPNSNNN,1680721388,CMSSW_13_1_X,cms-sw/cmssw
1680702489,NA,41284,1,4,0,6,AdrianoDee,NNNNNNNNNNPNNNNNNANNN,1680713593,CMSSW_13_1_X,cms-sw/cmssw
1680702479,NA,41283,1,2,0,7,AdrianoDee,NNNNNNNNNPNNNNNPNPNNN,1680845896,CMSSW_13_0_X,cms-sw/cmssw
1680702446,NA,41282,1,9,0,8,AdrianoDee,NNNNNNNNNPNNNNNPNRNNN,1680764269,CMSSW_13_1_X,cms-sw/cmssw
1680672874,NA,41279,1,14,0,7,aloeliger,NNNNNNNNNNNNPNNNNPPNN,1680799692,CMSSW_13_1_X,cms-sw/cmssw
1680636162,NA,41276,1,2,0,5,valsdav,NNNNNNNNNNNNNNNPNPNNN,1680636610,CMSSW_13_1_X,cms-sw/cmssw
1680635536,NA,41275,1,16,0,7,AnnikaStein,NNNNNNNNNNNNNNNPNSNNP,1681195201,CMSSW_13_1_X,cms-sw/cmssw
1680617573,NA,41273,1,20,0,8,emiglior,NNNNNNNNNNNNNNPNAAANN,1681183755,CMSSW_13_1_X,cms-sw/cmssw
1680607131,NA,41271,1,8,0,6,swagata87,NNNNNNNNNNNNNPNPNANNN,1680720201,CMSSW_13_1_X,cms-sw/cmssw
1680592400,NA,41266,1,8,0,6,AdrianoDee,NNNNNNNNNNNNNNANNAPNN,1681206103,CMSSW_13_1_X,cms-sw/cmssw
1680587441,NA,41265,1,12,0,7,scooperstein,NNNNNNNNNNNNNNNPNSNNP,1680683993,CMSSW_13_0_X,cms-sw/cmssw
1680585417,NA,41264,1,4,0,5,jeongeun,NNRNNNNNNNNNNNNNNPNNN,1680623624,CMSSW_13_1_X,cms-sw/cmssw
1680529185,NA,41259,1,4,0,5,revering,NNNNNNNNNNNNNNPNNPNNN,1680700857,CMSSW_10_6_X,cms-sw/cmssw
1680508211,NA,41255,1,19,0,8,AdrianoDee,NNNNNNNNNNNNNNPPNPPNN,1681198867,CMSSW_13_1_X,cms-sw/cmssw
1680174203,NA,41234,1,7,0,6,pfs,NNNNNNNNNNNNNNNNAAPNN,1680246432,CMSSW_13_1_X,cms-sw/cmssw
1680124716,NA,41228,1,5,0,4,wpmccormack,NNNNNNNNNNPNNNNNNPNNN,1680551476,CMSSW_12_6_X,cms-sw/cmssw
1680095774,NA,41224,1,23,0,6,skkwan,NNNNNNNNNNNNANNNNAPNN,1680926332,CMSSW_13_1_X,cms-sw/cmssw
1680093837,NA,41223,1,14,0,15,mmusich,ANNNNANANNNANPPANAANN,1680593693,CMSSW_13_0_X,cms-sw/cmssw
1680085810,NA,41220,1,10,0,7,acmbulla,NNNNNANNNNNNNNNNNANNN,1681125521,CMSSW_13_1_X,cms-sw/cmssw
1679920891,NA,41196,1,18,0,5,jfernan2,NNNNNPNNNNNNNNNNNANNN,1681163935,CMSSW_13_1_X,cms-sw/cmssw
1679917270,NA,41195,1,5,0,7,abhih1,NNNNNPNNNNNNNNNNNANNN,1680087129,CMSSW_13_0_X,cms-sw/cmssw
1679673025,NA,41180,1,2,0,5,gartung,NNPNNNNNNNNNNNNNNPNNN,1679673629,CMSSW_13_1_X,cms-sw/cmssw
1679659417,NA,41175,1,9,0,7,abhih1,NNNNNPNNNNNNNNNNNANNN,1679930681,CMSSW_13_1_X,cms-sw/cmssw
1679641010,NA,41168,1,9,0,6,missirol,NNPNNNNNNNNNNNNNNPNNN,1680162512,CMSSW_13_0_X,cms-sw/cmssw
1679597606,NA,41164,1,8,0,6,makortel,NNNNNNNNNNNNNNNPNANNN,1681140666,CMSSW_13_1_X,cms-sw/cmssw
1679582946,NA,41162,1,24,0,6,iarspider,NPNNNNNNNNNNNNNNNRNNN,1680792077,CMSSW_13_1_X,cms-sw/cmssw
1679560491,NA,41150,1,5,0,6,eyigitba,NNNNNNNNNNNNAPNNNANNN,1681202230,CMSSW_13_0_X,cms-sw/cmssw
1679543129,NA,41146,1,17,0,7,youyingli,NNNNNNNNNNNNNPANNAANN,1681192044,CMSSW_13_0_X,cms-sw/cmssw
1679541911,NA,41145,1,9,0,7,youyingli,NNNNNNNNNNNNNPANNAPNN,1681200126,CMSSW_13_1_X,cms-sw/cmssw
1679395679,NA,41117,1,21,0,14,AdrianoDee,PNNNPPNNNPPPNNNPNRNNN,1680614369,CMSSW_13_1_X,cms-sw/cmssw
1679293844,NA,41101,1,7,0,5,bsunanda,PNNNNNNNNNNNNNNNNANNN,1679578926,CMSSW_13_1_X,cms-sw/cmssw
1678387214,NA,41018,1,10,0,6,Dr15Jones,NNNNNNNNNNNNNNNPNANNN,1680091583,CMSSW_13_1_X,cms-sw/cmssw
1678374817,NA,41011,1,15,0,6,AdrianoDee,NNNNNNNNNNNNNNPNNRPNN,1680491680,CMSSW_13_1_X,cms-sw/cmssw
1677773995,NA,40934,1,24,0,6,valsdav,NNNNNNNNNNNNNNNPNANNN,1680095180,CMSSW_13_1_X,cms-sw/cmssw
1677762950,NA,40932,1,12,0,6,borzari,NNNNNNNNNNPNNNNNNPNNN,1678197846,CMSSW_13_1_X,cms-sw/cmssw
1677711820,NA,40922,1,6,0,5,michael-pitt,NNNNNNNNNNNNNNNNNPNNP,1680684269,CMSSW_10_6_X,cms-sw/cmssw
1677710427,NA,40921,1,10,0,6,lk11235,PNNNNNNNNNNNNNNNNPNNN,1680524958,CMSSW_13_1_X,cms-sw/cmssw
1676911170,NA,40828,1,16,0,9,sbein,NNNNNNNNNNNNNNPPNAPNP,1680684345,CMSSW_10_6_X,cms-sw/cmssw
1676851902,NA,40817,1,25,0,5,JanChyczynski,NNNNPNNNNNNNNNNNNANNN,1680738237,CMSSW_13_1_X,cms-sw/cmssw
1676598528,NA,40802,1,24,0,7,jshin96,NNNNNNNNNNNNNNNANANNA,1680684398,CMSSW_12_6_X,cms-sw/cmssw
1676561663,NA,40794,1,11,0,5,hyunyong,PNNNNNNNNNNNNNNNNPNNN,1680258783,CMSSW_13_1_X,cms-sw/cmssw
1675667842,NA,40699,1,13,0,10,quark2,NNNNNANNNNNNNNNPAAANN,1677596952,CMSSW_12_6_X,cms-sw/cmssw
1675436084,NA,40687,1,16,0,5,kakwok,NNNNNNNNNNNNNNNANANNN,1677228442,CMSSW_12_4_X,cms-sw/cmssw
1675346574,NA,40673,1,15,0,7,tvami,NNNNNNNNNNNNNNNNPPPNN,1676105433,CMSSW_13_1_X,cms-sw/cmssw
1675156263,NA,40645,1,12,0,6,smuzaffar,NNNNNNNNNNANNNNNNANNN,1676105426,CMSSW_13_1_X,cms-sw/cmssw
1675120701,NA,40643,1,72,0,11,aehart,NNNNNPNNNNNNNPPPNAPNN,1680104370,CMSSW_13_1_X,cms-sw/cmssw
1674642132,NA,40610,1,9,0,7,mmusich,NNNNNNNNNNNNNNNPNRNNN,1676105419,CMSSW_13_1_X,cms-sw/cmssw
1674080897,NA,40563,1,64,0,7,gkaratha,NNANNNNNNNNNANNNNAPNN,1680692322,CMSSW_13_1_X,cms-sw/cmssw
1673953862,NA,40547,1,11,0,6,smuzaffar,NNNNNNNNNNNNNNNNNANNP,1678104054,CMSSW_13_1_X,cms-sw/cmssw
1673474031,NA,40489,1,20,0,7,DryRun,NNNNNNNNNNNNNNNNPPNNP,1680518141,CMSSW_13_1_X,cms-sw/cmssw
1673010982,NA,40438,1,89,0,10,alintulu,NNNNNNNNNNNNNNPANAANA,1680098185,CMSSW_13_1_X,cms-sw/cmssw
1671624208,NA,40391,1,14,0,6,fwyzard,NNNNNNNNNNNANNNNNANNN,1676105409,CMSSW_13_1_X,cms-sw/cmssw
1671127317,NA,40335,1,42,0,7,tomalin,NNNNNNNNNNNNPNNNNPPNN,1680845474,CMSSW_13_1_X,cms-sw/cmssw
1670834202,NA,40285,1,45,0,5,ericcano,NNNNNNNNNNPNNNNNNPNNN,1677146527,CMSSW_13_1_X,cms-sw/cmssw
1666945439,NA,39902,1,18,0,5,garvitaa,NNNNNRNNNNNNNNNNNANNN,1677633070,CMSSW_13_1_X,cms-sw/cmssw
1665326554,NA,39686,1,14,0,7,JanChyczynski,RNNNRNNNNNNNNNNRNPNNN,1676105398,CMSSW_13_1_X,cms-sw/cmssw
1663241951,NA,39402,1,27,0,6,davidlange6,NNNNNNNNNNPNNNNANANNN,1676105393,CMSSW_13_1_X,cms-sw/cmssw
1661168616,NA,39133,1,17,0,6,Dr15Jones,NPNNNNNNPNNNNNNNNANNN,1676105392,CMSSW_13_1_X,cms-sw/cmssw
1660228698,NA,39040,1,17,0,5,snehavireshwardixit,NNNNNNNNNNNNNPNNNANNP,1668516202,CMSSW_10_6_X,cms-sw/cmssw
1659973308,NA,38999,1,16,0,5,Dr15Jones,NNNNNNNNNNNNNNNPNRNNN,1676105391,CMSSW_13_1_X,cms-sw/cmssw
1659472341,NA,38953,1,7,0,5,fwyzard,NNNNNNNNNNPNNNNNNPNNN,1676105389,CMSSW_13_1_X,cms-sw/cmssw
1659369438,NA,38924,1,8,0,5,Dr15Jones,NNPNNNNNNNNNNNNNNANNN,1676105388,CMSSW_13_1_X,cms-sw/cmssw
1654247444,NA,38226,1,20,0,6,battibass,NNNNNNNNNNNNNNNNNPNNP,1680876844,CMSSW_13_1_X,cms-sw/cmssw
1654079788,NA,38169,1,12,0,6,mmusich,NNNNNNNNNNNNNNNRNRNNN,1676105385,CMSSW_13_1_X,cms-sw/cmssw
1653121264,NA,38033,1,19,0,5,SiewYan,NNNNNNNNPNNNNNNNNANNN,1676105384,CMSSW_13_1_X,cms-sw/cmssw
1652861820,NA,37996,1,7,0,5,silviodonato,NNPNNNNNNNNNNNNNNPNNN,1676105382,CMSSW_13_1_X,cms-sw/cmssw
1652615854,NA,37952,1,52,0,9,VinInn,RNNNNNNNNNPNNNNRNANNN,1676105380,CMSSW_13_1_X,cms-sw/cmssw
1649426827,NA,37507,1,28,0,7,davidlange6,NNNNNNNNNNNNNNNNAANNN,1676380889,CMSSW_13_1_X,cms-sw/cmssw
1648284659,NA,37359,1,19,0,6,VinInn,NNNNNNNNNNNNNNNRPPNNN,1676105377,CMSSW_13_1_X,cms-sw/cmssw
1647324706,NA,37245,1,4,0,5,fwyzard,NNPNNNNNNNNNNNNNNRNNN,1676105376,CMSSW_13_1_X,cms-sw/cmssw
1634540249,NA,35713,1,111,0,6,VinInn,NNNNNNNNNNPNNNNRNANNN,1676105373,CMSSW_13_1_X,cms-sw/cmssw
1628250122,NA,34812,1,39,0,6,lcorcodilos,NNNNNNNPNNNNNNNNNANNN,1676105372,CMSSW_13_1_X,cms-sw/cmssw
1626288463,NA,34490,1,6,0,5,sroychow,NNPNNNNNNNNNNNNNNPNNN,1676105369,CMSSW_13_1_X,cms-sw/cmssw
1619465261,NA,33532,1,21,0,7,mtosi,NNNNNNNNNNNNNPPNNPPNN,1676105367,CMSSW_13_1_X,cms-sw/cmssw
1610412286,NA,32632,1,48,0,6,fwyzard,NNPNNNNNNNPNNNNNNRNNN,1680198867,CMSSW_13_1_X,cms-sw/cmssw
1605645236,NA,32167,1,123,0,8,kdlong,NNNNNNNNPNNNNPNPNRNNP,1676105365,CMSSW_13_1_X,cms-sw/cmssw
